{
  "project_info": {
    "project_number": "857257831483",
    "firebase_url": "https://taskapp-a4147-default-rtdb.firebaseio.com",
    "project_id": "taskapp-a4147",
    "storage_bucket": "taskapp-a4147.appspot.com"
  },
  "client": [
    {
      "client_info": {
        "mobilesdk_app_id": "1:857257831483:android:3d848072ce2a199cc1401e",
        "android_client_info": {
          "package_name": "com.example.taskapp"
        }
      },
      "oauth_client": [
        {
          "client_id": "857257831483-qqovh89rm7dd6al0r4b582rm0rg1qbdv.apps.googleusercontent.com",
          "client_type": 1,
          "android_info": {
            "package_name": "com.example.taskapp",
            "certificate_hash": "a3510ab5248fbe989244d405cc587b6e8c120fdd"
          }
        },
        {
          "client_id": "857257831483-gm9pb4opcnk4ogh06octjge1chmcc4sm.apps.googleusercontent.com",
          "client_type": 3
        }
      ],
      "api_key": [
        {
          "current_key": "AIzaSyBidXJtVmA1d9saFM3jMnW9uluNS5HpMRk"
        }
      ],
      "services": {
        "appinvite_service": {
          "other_platform_oauth_client": [
            {
              "client_id": "857257831483-gm9pb4opcnk4ogh06octjge1chmcc4sm.apps.googleusercontent.com",
              "client_type": 3
            }
          ]
        }
      }
    }
  ],
  "configuration_version": "1"
}